,process_type,uses_op,injury_type,absenteeism_level
0,Engine-Mount,Power-Gun,Electrical-Burn,Absenteeism-01
1,Engine-Mount,Power-Gun,Electrical-Burn,Absenteeism-02
2,Engine-Mount,Power-Gun,Electrical-Burn,Absenteeism-00
3,Engine-Mount,Power-Gun,Electrical-Burn,
4,Engine-Mount,Power-Gun,Electrical-Burn,Absenteeism-03
5,Engine-Mount,Power-Gun,,Absenteeism-01
6,Engine-Mount,Power-Gun,,Absenteeism-02
7,Engine-Mount,Power-Gun,,Absenteeism-00
8,Engine-Mount,Power-Gun,,
9,Engine-Mount,Power-Gun,,Absenteeism-03
10,Engine-Mount,Power-Gun,Contact-Contusion,Absenteeism-01
11,Engine-Mount,Power-Gun,Contact-Contusion,Absenteeism-02
12,Engine-Mount,Power-Gun,Contact-Contusion,Absenteeism-00
13,Engine-Mount,Power-Gun,Contact-Contusion,
14,Engine-Mount,Power-Gun,Contact-Contusion,Absenteeism-03
15,Engine-Mount,Power-Gun,Electrical-Shock,Absenteeism-01
16,Engine-Mount,Power-Gun,Electrical-Shock,Absenteeism-02
17,Engine-Mount,Power-Gun,Electrical-Shock,Absenteeism-00
18,Engine-Mount,Power-Gun,Electrical-Shock,
19,Engine-Mount,Power-Gun,Electrical-Shock,Absenteeism-03
20,Engine-Mount,Power-Gun,Fall-Gtm,Absenteeism-01
21,Engine-Mount,Power-Gun,Fall-Gtm,Absenteeism-02
22,Engine-Mount,Power-Gun,Fall-Gtm,Absenteeism-00
23,Engine-Mount,Power-Gun,Fall-Gtm,
24,Engine-Mount,Power-Gun,Fall-Gtm,Absenteeism-03
25,Engine-Mount,Power-Gun,Chemical-Burn,Absenteeism-01
26,Engine-Mount,Power-Gun,Chemical-Burn,Absenteeism-02
27,Engine-Mount,Power-Gun,Chemical-Burn,Absenteeism-00
28,Engine-Mount,Power-Gun,Chemical-Burn,
29,Engine-Mount,Power-Gun,Chemical-Burn,Absenteeism-03
30,Engine-Mount,,Electrical-Burn,Absenteeism-01
31,Engine-Mount,,Electrical-Burn,Absenteeism-02
32,Engine-Mount,,Electrical-Burn,Absenteeism-00
33,Engine-Mount,,Electrical-Burn,
34,Engine-Mount,,Electrical-Burn,Absenteeism-03
35,Engine-Mount,,,Absenteeism-01
36,Engine-Mount,,,Absenteeism-02
37,Engine-Mount,,,Absenteeism-00
38,Engine-Mount,,,
39,Engine-Mount,,,Absenteeism-03
40,Engine-Mount,,Contact-Contusion,Absenteeism-01
41,Engine-Mount,,Contact-Contusion,Absenteeism-02
42,Engine-Mount,,Contact-Contusion,Absenteeism-00
43,Engine-Mount,,Contact-Contusion,
44,Engine-Mount,,Contact-Contusion,Absenteeism-03
45,Engine-Mount,,Electrical-Shock,Absenteeism-01
46,Engine-Mount,,Electrical-Shock,Absenteeism-02
47,Engine-Mount,,Electrical-Shock,Absenteeism-00
48,Engine-Mount,,Electrical-Shock,
49,Engine-Mount,,Electrical-Shock,Absenteeism-03
50,Engine-Mount,,Fall-Gtm,Absenteeism-01
51,Engine-Mount,,Fall-Gtm,Absenteeism-02
52,Engine-Mount,,Fall-Gtm,Absenteeism-00
53,Engine-Mount,,Fall-Gtm,
54,Engine-Mount,,Fall-Gtm,Absenteeism-03
55,Engine-Mount,,Chemical-Burn,Absenteeism-01
56,Engine-Mount,,Chemical-Burn,Absenteeism-02
57,Engine-Mount,,Chemical-Burn,Absenteeism-00
58,Engine-Mount,,Chemical-Burn,
59,Engine-Mount,,Chemical-Burn,Absenteeism-03
60,Engine-Mount,Forklift,Electrical-Burn,Absenteeism-01
61,Engine-Mount,Forklift,Electrical-Burn,Absenteeism-02
62,Engine-Mount,Forklift,Electrical-Burn,Absenteeism-00
63,Engine-Mount,Forklift,Electrical-Burn,
64,Engine-Mount,Forklift,Electrical-Burn,Absenteeism-03
65,Engine-Mount,Forklift,,Absenteeism-01
66,Engine-Mount,Forklift,,Absenteeism-02
67,Engine-Mount,Forklift,,Absenteeism-00
68,Engine-Mount,Forklift,,
69,Engine-Mount,Forklift,,Absenteeism-03
70,Engine-Mount,Forklift,Contact-Contusion,Absenteeism-01
71,Engine-Mount,Forklift,Contact-Contusion,Absenteeism-02
72,Engine-Mount,Forklift,Contact-Contusion,Absenteeism-00
73,Engine-Mount,Forklift,Contact-Contusion,
74,Engine-Mount,Forklift,Contact-Contusion,Absenteeism-03
75,Engine-Mount,Forklift,Electrical-Shock,Absenteeism-01
76,Engine-Mount,Forklift,Electrical-Shock,Absenteeism-02
77,Engine-Mount,Forklift,Electrical-Shock,Absenteeism-00
78,Engine-Mount,Forklift,Electrical-Shock,
79,Engine-Mount,Forklift,Electrical-Shock,Absenteeism-03
80,Engine-Mount,Forklift,Fall-Gtm,Absenteeism-01
81,Engine-Mount,Forklift,Fall-Gtm,Absenteeism-02
82,Engine-Mount,Forklift,Fall-Gtm,Absenteeism-00
83,Engine-Mount,Forklift,Fall-Gtm,
84,Engine-Mount,Forklift,Fall-Gtm,Absenteeism-03
85,Engine-Mount,Forklift,Chemical-Burn,Absenteeism-01
86,Engine-Mount,Forklift,Chemical-Burn,Absenteeism-02
87,Engine-Mount,Forklift,Chemical-Burn,Absenteeism-00
88,Engine-Mount,Forklift,Chemical-Burn,
89,Engine-Mount,Forklift,Chemical-Burn,Absenteeism-03
90,Engine-Mount,Oil,Electrical-Burn,Absenteeism-01
91,Engine-Mount,Oil,Electrical-Burn,Absenteeism-02
92,Engine-Mount,Oil,Electrical-Burn,Absenteeism-00
93,Engine-Mount,Oil,Electrical-Burn,
94,Engine-Mount,Oil,Electrical-Burn,Absenteeism-03
95,Engine-Mount,Oil,,Absenteeism-01
96,Engine-Mount,Oil,,Absenteeism-02
97,Engine-Mount,Oil,,Absenteeism-00
98,Engine-Mount,Oil,,
99,Engine-Mount,Oil,,Absenteeism-03
100,Engine-Mount,Oil,Contact-Contusion,Absenteeism-01
101,Engine-Mount,Oil,Contact-Contusion,Absenteeism-02
102,Engine-Mount,Oil,Contact-Contusion,Absenteeism-00
103,Engine-Mount,Oil,Contact-Contusion,
104,Engine-Mount,Oil,Contact-Contusion,Absenteeism-03
105,Engine-Mount,Oil,Electrical-Shock,Absenteeism-01
106,Engine-Mount,Oil,Electrical-Shock,Absenteeism-02
107,Engine-Mount,Oil,Electrical-Shock,Absenteeism-00
108,Engine-Mount,Oil,Electrical-Shock,
109,Engine-Mount,Oil,Electrical-Shock,Absenteeism-03
110,Engine-Mount,Oil,Fall-Gtm,Absenteeism-01
111,Engine-Mount,Oil,Fall-Gtm,Absenteeism-02
112,Engine-Mount,Oil,Fall-Gtm,Absenteeism-00
113,Engine-Mount,Oil,Fall-Gtm,
114,Engine-Mount,Oil,Fall-Gtm,Absenteeism-03
115,Engine-Mount,Oil,Chemical-Burn,Absenteeism-01
116,Engine-Mount,Oil,Chemical-Burn,Absenteeism-02
117,Engine-Mount,Oil,Chemical-Burn,Absenteeism-00
118,Engine-Mount,Oil,Chemical-Burn,
119,Engine-Mount,Oil,Chemical-Burn,Absenteeism-03
120,Engine-Mount,Front-Right-Door,Electrical-Burn,Absenteeism-01
121,Engine-Mount,Front-Right-Door,Electrical-Burn,Absenteeism-02
122,Engine-Mount,Front-Right-Door,Electrical-Burn,Absenteeism-00
123,Engine-Mount,Front-Right-Door,Electrical-Burn,
124,Engine-Mount,Front-Right-Door,Electrical-Burn,Absenteeism-03
125,Engine-Mount,Front-Right-Door,,Absenteeism-01
126,Engine-Mount,Front-Right-Door,,Absenteeism-02
127,Engine-Mount,Front-Right-Door,,Absenteeism-00
128,Engine-Mount,Front-Right-Door,,
129,Engine-Mount,Front-Right-Door,,Absenteeism-03
130,Engine-Mount,Front-Right-Door,Contact-Contusion,Absenteeism-01
131,Engine-Mount,Front-Right-Door,Contact-Contusion,Absenteeism-02
132,Engine-Mount,Front-Right-Door,Contact-Contusion,Absenteeism-00
133,Engine-Mount,Front-Right-Door,Contact-Contusion,
134,Engine-Mount,Front-Right-Door,Contact-Contusion,Absenteeism-03
135,Engine-Mount,Front-Right-Door,Electrical-Shock,Absenteeism-01
136,Engine-Mount,Front-Right-Door,Electrical-Shock,Absenteeism-02
137,Engine-Mount,Front-Right-Door,Electrical-Shock,Absenteeism-00
138,Engine-Mount,Front-Right-Door,Electrical-Shock,
139,Engine-Mount,Front-Right-Door,Electrical-Shock,Absenteeism-03
140,Engine-Mount,Front-Right-Door,Fall-Gtm,Absenteeism-01
141,Engine-Mount,Front-Right-Door,Fall-Gtm,Absenteeism-02
142,Engine-Mount,Front-Right-Door,Fall-Gtm,Absenteeism-00
143,Engine-Mount,Front-Right-Door,Fall-Gtm,
144,Engine-Mount,Front-Right-Door,Fall-Gtm,Absenteeism-03
145,Engine-Mount,Front-Right-Door,Chemical-Burn,Absenteeism-01
146,Engine-Mount,Front-Right-Door,Chemical-Burn,Absenteeism-02
147,Engine-Mount,Front-Right-Door,Chemical-Burn,Absenteeism-00
148,Engine-Mount,Front-Right-Door,Chemical-Burn,
149,Engine-Mount,Front-Right-Door,Chemical-Burn,Absenteeism-03
150,,Power-Gun,Electrical-Burn,Absenteeism-01
151,,Power-Gun,Electrical-Burn,Absenteeism-02
152,,Power-Gun,Electrical-Burn,Absenteeism-00
153,,Power-Gun,Electrical-Burn,
154,,Power-Gun,Electrical-Burn,Absenteeism-03
155,,Power-Gun,,Absenteeism-01
156,,Power-Gun,,Absenteeism-02
157,,Power-Gun,,Absenteeism-00
158,,Power-Gun,,
159,,Power-Gun,,Absenteeism-03
160,,Power-Gun,Contact-Contusion,Absenteeism-01
161,,Power-Gun,Contact-Contusion,Absenteeism-02
162,,Power-Gun,Contact-Contusion,Absenteeism-00
163,,Power-Gun,Contact-Contusion,
164,,Power-Gun,Contact-Contusion,Absenteeism-03
165,,Power-Gun,Electrical-Shock,Absenteeism-01
166,,Power-Gun,Electrical-Shock,Absenteeism-02
167,,Power-Gun,Electrical-Shock,Absenteeism-00
168,,Power-Gun,Electrical-Shock,
169,,Power-Gun,Electrical-Shock,Absenteeism-03
170,,Power-Gun,Fall-Gtm,Absenteeism-01
171,,Power-Gun,Fall-Gtm,Absenteeism-02
172,,Power-Gun,Fall-Gtm,Absenteeism-00
173,,Power-Gun,Fall-Gtm,
174,,Power-Gun,Fall-Gtm,Absenteeism-03
175,,Power-Gun,Chemical-Burn,Absenteeism-01
176,,Power-Gun,Chemical-Burn,Absenteeism-02
177,,Power-Gun,Chemical-Burn,Absenteeism-00
178,,Power-Gun,Chemical-Burn,
179,,Power-Gun,Chemical-Burn,Absenteeism-03
180,,,Electrical-Burn,Absenteeism-01
181,,,Electrical-Burn,Absenteeism-02
182,,,Electrical-Burn,Absenteeism-00
183,,,Electrical-Burn,
184,,,Electrical-Burn,Absenteeism-03
185,,,,Absenteeism-01
186,,,,Absenteeism-02
187,,,,Absenteeism-00
188,,,,
189,,,,Absenteeism-03
190,,,Contact-Contusion,Absenteeism-01
191,,,Contact-Contusion,Absenteeism-02
192,,,Contact-Contusion,Absenteeism-00
193,,,Contact-Contusion,
194,,,Contact-Contusion,Absenteeism-03
195,,,Electrical-Shock,Absenteeism-01
196,,,Electrical-Shock,Absenteeism-02
197,,,Electrical-Shock,Absenteeism-00
198,,,Electrical-Shock,
199,,,Electrical-Shock,Absenteeism-03
200,,,Fall-Gtm,Absenteeism-01
201,,,Fall-Gtm,Absenteeism-02
202,,,Fall-Gtm,Absenteeism-00
203,,,Fall-Gtm,
204,,,Fall-Gtm,Absenteeism-03
205,,,Chemical-Burn,Absenteeism-01
206,,,Chemical-Burn,Absenteeism-02
207,,,Chemical-Burn,Absenteeism-00
208,,,Chemical-Burn,
209,,,Chemical-Burn,Absenteeism-03
210,,Forklift,Electrical-Burn,Absenteeism-01
211,,Forklift,Electrical-Burn,Absenteeism-02
212,,Forklift,Electrical-Burn,Absenteeism-00
213,,Forklift,Electrical-Burn,
214,,Forklift,Electrical-Burn,Absenteeism-03
215,,Forklift,,Absenteeism-01
216,,Forklift,,Absenteeism-02
217,,Forklift,,Absenteeism-00
218,,Forklift,,
219,,Forklift,,Absenteeism-03
220,,Forklift,Contact-Contusion,Absenteeism-01
221,,Forklift,Contact-Contusion,Absenteeism-02
222,,Forklift,Contact-Contusion,Absenteeism-00
223,,Forklift,Contact-Contusion,
224,,Forklift,Contact-Contusion,Absenteeism-03
225,,Forklift,Electrical-Shock,Absenteeism-01
226,,Forklift,Electrical-Shock,Absenteeism-02
227,,Forklift,Electrical-Shock,Absenteeism-00
228,,Forklift,Electrical-Shock,
229,,Forklift,Electrical-Shock,Absenteeism-03
230,,Forklift,Fall-Gtm,Absenteeism-01
231,,Forklift,Fall-Gtm,Absenteeism-02
232,,Forklift,Fall-Gtm,Absenteeism-00
233,,Forklift,Fall-Gtm,
234,,Forklift,Fall-Gtm,Absenteeism-03
235,,Forklift,Chemical-Burn,Absenteeism-01
236,,Forklift,Chemical-Burn,Absenteeism-02
237,,Forklift,Chemical-Burn,Absenteeism-00
238,,Forklift,Chemical-Burn,
239,,Forklift,Chemical-Burn,Absenteeism-03
240,,Oil,Electrical-Burn,Absenteeism-01
241,,Oil,Electrical-Burn,Absenteeism-02
242,,Oil,Electrical-Burn,Absenteeism-00
243,,Oil,Electrical-Burn,
244,,Oil,Electrical-Burn,Absenteeism-03
245,,Oil,,Absenteeism-01
246,,Oil,,Absenteeism-02
247,,Oil,,Absenteeism-00
248,,Oil,,
249,,Oil,,Absenteeism-03
250,,Oil,Contact-Contusion,Absenteeism-01
251,,Oil,Contact-Contusion,Absenteeism-02
252,,Oil,Contact-Contusion,Absenteeism-00
253,,Oil,Contact-Contusion,
254,,Oil,Contact-Contusion,Absenteeism-03
255,,Oil,Electrical-Shock,Absenteeism-01
256,,Oil,Electrical-Shock,Absenteeism-02
257,,Oil,Electrical-Shock,Absenteeism-00
258,,Oil,Electrical-Shock,
259,,Oil,Electrical-Shock,Absenteeism-03
260,,Oil,Fall-Gtm,Absenteeism-01
261,,Oil,Fall-Gtm,Absenteeism-02
262,,Oil,Fall-Gtm,Absenteeism-00
263,,Oil,Fall-Gtm,
264,,Oil,Fall-Gtm,Absenteeism-03
265,,Oil,Chemical-Burn,Absenteeism-01
266,,Oil,Chemical-Burn,Absenteeism-02
267,,Oil,Chemical-Burn,Absenteeism-00
268,,Oil,Chemical-Burn,
269,,Oil,Chemical-Burn,Absenteeism-03
270,,Front-Right-Door,Electrical-Burn,Absenteeism-01
271,,Front-Right-Door,Electrical-Burn,Absenteeism-02
272,,Front-Right-Door,Electrical-Burn,Absenteeism-00
273,,Front-Right-Door,Electrical-Burn,
274,,Front-Right-Door,Electrical-Burn,Absenteeism-03
275,,Front-Right-Door,,Absenteeism-01
276,,Front-Right-Door,,Absenteeism-02
277,,Front-Right-Door,,Absenteeism-00
278,,Front-Right-Door,,
279,,Front-Right-Door,,Absenteeism-03
280,,Front-Right-Door,Contact-Contusion,Absenteeism-01
281,,Front-Right-Door,Contact-Contusion,Absenteeism-02
282,,Front-Right-Door,Contact-Contusion,Absenteeism-00
283,,Front-Right-Door,Contact-Contusion,
284,,Front-Right-Door,Contact-Contusion,Absenteeism-03
285,,Front-Right-Door,Electrical-Shock,Absenteeism-01
286,,Front-Right-Door,Electrical-Shock,Absenteeism-02
287,,Front-Right-Door,Electrical-Shock,Absenteeism-00
288,,Front-Right-Door,Electrical-Shock,
289,,Front-Right-Door,Electrical-Shock,Absenteeism-03
290,,Front-Right-Door,Fall-Gtm,Absenteeism-01
291,,Front-Right-Door,Fall-Gtm,Absenteeism-02
292,,Front-Right-Door,Fall-Gtm,Absenteeism-00
293,,Front-Right-Door,Fall-Gtm,
294,,Front-Right-Door,Fall-Gtm,Absenteeism-03
295,,Front-Right-Door,Chemical-Burn,Absenteeism-01
296,,Front-Right-Door,Chemical-Burn,Absenteeism-02
297,,Front-Right-Door,Chemical-Burn,Absenteeism-00
298,,Front-Right-Door,Chemical-Burn,
299,,Front-Right-Door,Chemical-Burn,Absenteeism-03
300,Engine-Wiring,Power-Gun,Electrical-Burn,Absenteeism-01
301,Engine-Wiring,Power-Gun,Electrical-Burn,Absenteeism-02
302,Engine-Wiring,Power-Gun,Electrical-Burn,Absenteeism-00
303,Engine-Wiring,Power-Gun,Electrical-Burn,
304,Engine-Wiring,Power-Gun,Electrical-Burn,Absenteeism-03
305,Engine-Wiring,Power-Gun,,Absenteeism-01
306,Engine-Wiring,Power-Gun,,Absenteeism-02
307,Engine-Wiring,Power-Gun,,Absenteeism-00
308,Engine-Wiring,Power-Gun,,
309,Engine-Wiring,Power-Gun,,Absenteeism-03
310,Engine-Wiring,Power-Gun,Contact-Contusion,Absenteeism-01
311,Engine-Wiring,Power-Gun,Contact-Contusion,Absenteeism-02
312,Engine-Wiring,Power-Gun,Contact-Contusion,Absenteeism-00
313,Engine-Wiring,Power-Gun,Contact-Contusion,
314,Engine-Wiring,Power-Gun,Contact-Contusion,Absenteeism-03
315,Engine-Wiring,Power-Gun,Electrical-Shock,Absenteeism-01
316,Engine-Wiring,Power-Gun,Electrical-Shock,Absenteeism-02
317,Engine-Wiring,Power-Gun,Electrical-Shock,Absenteeism-00
318,Engine-Wiring,Power-Gun,Electrical-Shock,
319,Engine-Wiring,Power-Gun,Electrical-Shock,Absenteeism-03
320,Engine-Wiring,Power-Gun,Fall-Gtm,Absenteeism-01
321,Engine-Wiring,Power-Gun,Fall-Gtm,Absenteeism-02
322,Engine-Wiring,Power-Gun,Fall-Gtm,Absenteeism-00
323,Engine-Wiring,Power-Gun,Fall-Gtm,
324,Engine-Wiring,Power-Gun,Fall-Gtm,Absenteeism-03
325,Engine-Wiring,Power-Gun,Chemical-Burn,Absenteeism-01
326,Engine-Wiring,Power-Gun,Chemical-Burn,Absenteeism-02
327,Engine-Wiring,Power-Gun,Chemical-Burn,Absenteeism-00
328,Engine-Wiring,Power-Gun,Chemical-Burn,
329,Engine-Wiring,Power-Gun,Chemical-Burn,Absenteeism-03
330,Engine-Wiring,,Electrical-Burn,Absenteeism-01
331,Engine-Wiring,,Electrical-Burn,Absenteeism-02
332,Engine-Wiring,,Electrical-Burn,Absenteeism-00
333,Engine-Wiring,,Electrical-Burn,
334,Engine-Wiring,,Electrical-Burn,Absenteeism-03
335,Engine-Wiring,,,Absenteeism-01
336,Engine-Wiring,,,Absenteeism-02
337,Engine-Wiring,,,Absenteeism-00
338,Engine-Wiring,,,
339,Engine-Wiring,,,Absenteeism-03
340,Engine-Wiring,,Contact-Contusion,Absenteeism-01
341,Engine-Wiring,,Contact-Contusion,Absenteeism-02
342,Engine-Wiring,,Contact-Contusion,Absenteeism-00
343,Engine-Wiring,,Contact-Contusion,
344,Engine-Wiring,,Contact-Contusion,Absenteeism-03
345,Engine-Wiring,,Electrical-Shock,Absenteeism-01
346,Engine-Wiring,,Electrical-Shock,Absenteeism-02
347,Engine-Wiring,,Electrical-Shock,Absenteeism-00
348,Engine-Wiring,,Electrical-Shock,
349,Engine-Wiring,,Electrical-Shock,Absenteeism-03
350,Engine-Wiring,,Fall-Gtm,Absenteeism-01
351,Engine-Wiring,,Fall-Gtm,Absenteeism-02
352,Engine-Wiring,,Fall-Gtm,Absenteeism-00
353,Engine-Wiring,,Fall-Gtm,
354,Engine-Wiring,,Fall-Gtm,Absenteeism-03
355,Engine-Wiring,,Chemical-Burn,Absenteeism-01
356,Engine-Wiring,,Chemical-Burn,Absenteeism-02
357,Engine-Wiring,,Chemical-Burn,Absenteeism-00
358,Engine-Wiring,,Chemical-Burn,
359,Engine-Wiring,,Chemical-Burn,Absenteeism-03
360,Engine-Wiring,Forklift,Electrical-Burn,Absenteeism-01
361,Engine-Wiring,Forklift,Electrical-Burn,Absenteeism-02
362,Engine-Wiring,Forklift,Electrical-Burn,Absenteeism-00
363,Engine-Wiring,Forklift,Electrical-Burn,
364,Engine-Wiring,Forklift,Electrical-Burn,Absenteeism-03
365,Engine-Wiring,Forklift,,Absenteeism-01
366,Engine-Wiring,Forklift,,Absenteeism-02
367,Engine-Wiring,Forklift,,Absenteeism-00
368,Engine-Wiring,Forklift,,
369,Engine-Wiring,Forklift,,Absenteeism-03
370,Engine-Wiring,Forklift,Contact-Contusion,Absenteeism-01
371,Engine-Wiring,Forklift,Contact-Contusion,Absenteeism-02
372,Engine-Wiring,Forklift,Contact-Contusion,Absenteeism-00
373,Engine-Wiring,Forklift,Contact-Contusion,
374,Engine-Wiring,Forklift,Contact-Contusion,Absenteeism-03
375,Engine-Wiring,Forklift,Electrical-Shock,Absenteeism-01
376,Engine-Wiring,Forklift,Electrical-Shock,Absenteeism-02
377,Engine-Wiring,Forklift,Electrical-Shock,Absenteeism-00
378,Engine-Wiring,Forklift,Electrical-Shock,
379,Engine-Wiring,Forklift,Electrical-Shock,Absenteeism-03
380,Engine-Wiring,Forklift,Fall-Gtm,Absenteeism-01
381,Engine-Wiring,Forklift,Fall-Gtm,Absenteeism-02
382,Engine-Wiring,Forklift,Fall-Gtm,Absenteeism-00
383,Engine-Wiring,Forklift,Fall-Gtm,
384,Engine-Wiring,Forklift,Fall-Gtm,Absenteeism-03
385,Engine-Wiring,Forklift,Chemical-Burn,Absenteeism-01
386,Engine-Wiring,Forklift,Chemical-Burn,Absenteeism-02
387,Engine-Wiring,Forklift,Chemical-Burn,Absenteeism-00
388,Engine-Wiring,Forklift,Chemical-Burn,
389,Engine-Wiring,Forklift,Chemical-Burn,Absenteeism-03
390,Engine-Wiring,Oil,Electrical-Burn,Absenteeism-01
391,Engine-Wiring,Oil,Electrical-Burn,Absenteeism-02
392,Engine-Wiring,Oil,Electrical-Burn,Absenteeism-00
393,Engine-Wiring,Oil,Electrical-Burn,
394,Engine-Wiring,Oil,Electrical-Burn,Absenteeism-03
395,Engine-Wiring,Oil,,Absenteeism-01
396,Engine-Wiring,Oil,,Absenteeism-02
397,Engine-Wiring,Oil,,Absenteeism-00
398,Engine-Wiring,Oil,,
399,Engine-Wiring,Oil,,Absenteeism-03
400,Engine-Wiring,Oil,Contact-Contusion,Absenteeism-01
401,Engine-Wiring,Oil,Contact-Contusion,Absenteeism-02
402,Engine-Wiring,Oil,Contact-Contusion,Absenteeism-00
403,Engine-Wiring,Oil,Contact-Contusion,
404,Engine-Wiring,Oil,Contact-Contusion,Absenteeism-03
405,Engine-Wiring,Oil,Electrical-Shock,Absenteeism-01
406,Engine-Wiring,Oil,Electrical-Shock,Absenteeism-02
407,Engine-Wiring,Oil,Electrical-Shock,Absenteeism-00
408,Engine-Wiring,Oil,Electrical-Shock,
409,Engine-Wiring,Oil,Electrical-Shock,Absenteeism-03
410,Engine-Wiring,Oil,Fall-Gtm,Absenteeism-01
411,Engine-Wiring,Oil,Fall-Gtm,Absenteeism-02
412,Engine-Wiring,Oil,Fall-Gtm,Absenteeism-00
413,Engine-Wiring,Oil,Fall-Gtm,
414,Engine-Wiring,Oil,Fall-Gtm,Absenteeism-03
415,Engine-Wiring,Oil,Chemical-Burn,Absenteeism-01
416,Engine-Wiring,Oil,Chemical-Burn,Absenteeism-02
417,Engine-Wiring,Oil,Chemical-Burn,Absenteeism-00
418,Engine-Wiring,Oil,Chemical-Burn,
419,Engine-Wiring,Oil,Chemical-Burn,Absenteeism-03
420,Engine-Wiring,Front-Right-Door,Electrical-Burn,Absenteeism-01
421,Engine-Wiring,Front-Right-Door,Electrical-Burn,Absenteeism-02
422,Engine-Wiring,Front-Right-Door,Electrical-Burn,Absenteeism-00
423,Engine-Wiring,Front-Right-Door,Electrical-Burn,
424,Engine-Wiring,Front-Right-Door,Electrical-Burn,Absenteeism-03
425,Engine-Wiring,Front-Right-Door,,Absenteeism-01
426,Engine-Wiring,Front-Right-Door,,Absenteeism-02
427,Engine-Wiring,Front-Right-Door,,Absenteeism-00
428,Engine-Wiring,Front-Right-Door,,
429,Engine-Wiring,Front-Right-Door,,Absenteeism-03
430,Engine-Wiring,Front-Right-Door,Contact-Contusion,Absenteeism-01
431,Engine-Wiring,Front-Right-Door,Contact-Contusion,Absenteeism-02
432,Engine-Wiring,Front-Right-Door,Contact-Contusion,Absenteeism-00
433,Engine-Wiring,Front-Right-Door,Contact-Contusion,
434,Engine-Wiring,Front-Right-Door,Contact-Contusion,Absenteeism-03
435,Engine-Wiring,Front-Right-Door,Electrical-Shock,Absenteeism-01
436,Engine-Wiring,Front-Right-Door,Electrical-Shock,Absenteeism-02
437,Engine-Wiring,Front-Right-Door,Electrical-Shock,Absenteeism-00
438,Engine-Wiring,Front-Right-Door,Electrical-Shock,
439,Engine-Wiring,Front-Right-Door,Electrical-Shock,Absenteeism-03
440,Engine-Wiring,Front-Right-Door,Fall-Gtm,Absenteeism-01
441,Engine-Wiring,Front-Right-Door,Fall-Gtm,Absenteeism-02
442,Engine-Wiring,Front-Right-Door,Fall-Gtm,Absenteeism-00
443,Engine-Wiring,Front-Right-Door,Fall-Gtm,
444,Engine-Wiring,Front-Right-Door,Fall-Gtm,Absenteeism-03
445,Engine-Wiring,Front-Right-Door,Chemical-Burn,Absenteeism-01
446,Engine-Wiring,Front-Right-Door,Chemical-Burn,Absenteeism-02
447,Engine-Wiring,Front-Right-Door,Chemical-Burn,Absenteeism-00
448,Engine-Wiring,Front-Right-Door,Chemical-Burn,
449,Engine-Wiring,Front-Right-Door,Chemical-Burn,Absenteeism-03
450,Sun-Roof-Housing,Power-Gun,Electrical-Burn,Absenteeism-01
451,Sun-Roof-Housing,Power-Gun,Electrical-Burn,Absenteeism-02
452,Sun-Roof-Housing,Power-Gun,Electrical-Burn,Absenteeism-00
453,Sun-Roof-Housing,Power-Gun,Electrical-Burn,
454,Sun-Roof-Housing,Power-Gun,Electrical-Burn,Absenteeism-03
455,Sun-Roof-Housing,Power-Gun,,Absenteeism-01
456,Sun-Roof-Housing,Power-Gun,,Absenteeism-02
457,Sun-Roof-Housing,Power-Gun,,Absenteeism-00
458,Sun-Roof-Housing,Power-Gun,,
459,Sun-Roof-Housing,Power-Gun,,Absenteeism-03
460,Sun-Roof-Housing,Power-Gun,Contact-Contusion,Absenteeism-01
461,Sun-Roof-Housing,Power-Gun,Contact-Contusion,Absenteeism-02
462,Sun-Roof-Housing,Power-Gun,Contact-Contusion,Absenteeism-00
463,Sun-Roof-Housing,Power-Gun,Contact-Contusion,
464,Sun-Roof-Housing,Power-Gun,Contact-Contusion,Absenteeism-03
465,Sun-Roof-Housing,Power-Gun,Electrical-Shock,Absenteeism-01
466,Sun-Roof-Housing,Power-Gun,Electrical-Shock,Absenteeism-02
467,Sun-Roof-Housing,Power-Gun,Electrical-Shock,Absenteeism-00
468,Sun-Roof-Housing,Power-Gun,Electrical-Shock,
469,Sun-Roof-Housing,Power-Gun,Electrical-Shock,Absenteeism-03
470,Sun-Roof-Housing,Power-Gun,Fall-Gtm,Absenteeism-01
471,Sun-Roof-Housing,Power-Gun,Fall-Gtm,Absenteeism-02
472,Sun-Roof-Housing,Power-Gun,Fall-Gtm,Absenteeism-00
473,Sun-Roof-Housing,Power-Gun,Fall-Gtm,
474,Sun-Roof-Housing,Power-Gun,Fall-Gtm,Absenteeism-03
475,Sun-Roof-Housing,Power-Gun,Chemical-Burn,Absenteeism-01
476,Sun-Roof-Housing,Power-Gun,Chemical-Burn,Absenteeism-02
477,Sun-Roof-Housing,Power-Gun,Chemical-Burn,Absenteeism-00
478,Sun-Roof-Housing,Power-Gun,Chemical-Burn,
479,Sun-Roof-Housing,Power-Gun,Chemical-Burn,Absenteeism-03
480,Sun-Roof-Housing,,Electrical-Burn,Absenteeism-01
481,Sun-Roof-Housing,,Electrical-Burn,Absenteeism-02
482,Sun-Roof-Housing,,Electrical-Burn,Absenteeism-00
483,Sun-Roof-Housing,,Electrical-Burn,
484,Sun-Roof-Housing,,Electrical-Burn,Absenteeism-03
485,Sun-Roof-Housing,,,Absenteeism-01
486,Sun-Roof-Housing,,,Absenteeism-02
487,Sun-Roof-Housing,,,Absenteeism-00
488,Sun-Roof-Housing,,,
489,Sun-Roof-Housing,,,Absenteeism-03
490,Sun-Roof-Housing,,Contact-Contusion,Absenteeism-01
491,Sun-Roof-Housing,,Contact-Contusion,Absenteeism-02
492,Sun-Roof-Housing,,Contact-Contusion,Absenteeism-00
493,Sun-Roof-Housing,,Contact-Contusion,
494,Sun-Roof-Housing,,Contact-Contusion,Absenteeism-03
495,Sun-Roof-Housing,,Electrical-Shock,Absenteeism-01
496,Sun-Roof-Housing,,Electrical-Shock,Absenteeism-02
497,Sun-Roof-Housing,,Electrical-Shock,Absenteeism-00
498,Sun-Roof-Housing,,Electrical-Shock,
499,Sun-Roof-Housing,,Electrical-Shock,Absenteeism-03
500,Sun-Roof-Housing,,Fall-Gtm,Absenteeism-01
501,Sun-Roof-Housing,,Fall-Gtm,Absenteeism-02
502,Sun-Roof-Housing,,Fall-Gtm,Absenteeism-00
503,Sun-Roof-Housing,,Fall-Gtm,
504,Sun-Roof-Housing,,Fall-Gtm,Absenteeism-03
505,Sun-Roof-Housing,,Chemical-Burn,Absenteeism-01
506,Sun-Roof-Housing,,Chemical-Burn,Absenteeism-02
507,Sun-Roof-Housing,,Chemical-Burn,Absenteeism-00
508,Sun-Roof-Housing,,Chemical-Burn,
509,Sun-Roof-Housing,,Chemical-Burn,Absenteeism-03
510,Sun-Roof-Housing,Forklift,Electrical-Burn,Absenteeism-01
511,Sun-Roof-Housing,Forklift,Electrical-Burn,Absenteeism-02
512,Sun-Roof-Housing,Forklift,Electrical-Burn,Absenteeism-00
513,Sun-Roof-Housing,Forklift,Electrical-Burn,
514,Sun-Roof-Housing,Forklift,Electrical-Burn,Absenteeism-03
515,Sun-Roof-Housing,Forklift,,Absenteeism-01
516,Sun-Roof-Housing,Forklift,,Absenteeism-02
517,Sun-Roof-Housing,Forklift,,Absenteeism-00
518,Sun-Roof-Housing,Forklift,,
519,Sun-Roof-Housing,Forklift,,Absenteeism-03
520,Sun-Roof-Housing,Forklift,Contact-Contusion,Absenteeism-01
521,Sun-Roof-Housing,Forklift,Contact-Contusion,Absenteeism-02
522,Sun-Roof-Housing,Forklift,Contact-Contusion,Absenteeism-00
523,Sun-Roof-Housing,Forklift,Contact-Contusion,
524,Sun-Roof-Housing,Forklift,Contact-Contusion,Absenteeism-03
525,Sun-Roof-Housing,Forklift,Electrical-Shock,Absenteeism-01
526,Sun-Roof-Housing,Forklift,Electrical-Shock,Absenteeism-02
527,Sun-Roof-Housing,Forklift,Electrical-Shock,Absenteeism-00
528,Sun-Roof-Housing,Forklift,Electrical-Shock,
529,Sun-Roof-Housing,Forklift,Electrical-Shock,Absenteeism-03
530,Sun-Roof-Housing,Forklift,Fall-Gtm,Absenteeism-01
531,Sun-Roof-Housing,Forklift,Fall-Gtm,Absenteeism-02
532,Sun-Roof-Housing,Forklift,Fall-Gtm,Absenteeism-00
533,Sun-Roof-Housing,Forklift,Fall-Gtm,
534,Sun-Roof-Housing,Forklift,Fall-Gtm,Absenteeism-03
535,Sun-Roof-Housing,Forklift,Chemical-Burn,Absenteeism-01
536,Sun-Roof-Housing,Forklift,Chemical-Burn,Absenteeism-02
537,Sun-Roof-Housing,Forklift,Chemical-Burn,Absenteeism-00
538,Sun-Roof-Housing,Forklift,Chemical-Burn,
539,Sun-Roof-Housing,Forklift,Chemical-Burn,Absenteeism-03
540,Sun-Roof-Housing,Oil,Electrical-Burn,Absenteeism-01
541,Sun-Roof-Housing,Oil,Electrical-Burn,Absenteeism-02
542,Sun-Roof-Housing,Oil,Electrical-Burn,Absenteeism-00
543,Sun-Roof-Housing,Oil,Electrical-Burn,
544,Sun-Roof-Housing,Oil,Electrical-Burn,Absenteeism-03
545,Sun-Roof-Housing,Oil,,Absenteeism-01
546,Sun-Roof-Housing,Oil,,Absenteeism-02
547,Sun-Roof-Housing,Oil,,Absenteeism-00
548,Sun-Roof-Housing,Oil,,
549,Sun-Roof-Housing,Oil,,Absenteeism-03
550,Sun-Roof-Housing,Oil,Contact-Contusion,Absenteeism-01
551,Sun-Roof-Housing,Oil,Contact-Contusion,Absenteeism-02
552,Sun-Roof-Housing,Oil,Contact-Contusion,Absenteeism-00
553,Sun-Roof-Housing,Oil,Contact-Contusion,
554,Sun-Roof-Housing,Oil,Contact-Contusion,Absenteeism-03
555,Sun-Roof-Housing,Oil,Electrical-Shock,Absenteeism-01
556,Sun-Roof-Housing,Oil,Electrical-Shock,Absenteeism-02
557,Sun-Roof-Housing,Oil,Electrical-Shock,Absenteeism-00
558,Sun-Roof-Housing,Oil,Electrical-Shock,
559,Sun-Roof-Housing,Oil,Electrical-Shock,Absenteeism-03
560,Sun-Roof-Housing,Oil,Fall-Gtm,Absenteeism-01
561,Sun-Roof-Housing,Oil,Fall-Gtm,Absenteeism-02
562,Sun-Roof-Housing,Oil,Fall-Gtm,Absenteeism-00
563,Sun-Roof-Housing,Oil,Fall-Gtm,
564,Sun-Roof-Housing,Oil,Fall-Gtm,Absenteeism-03
565,Sun-Roof-Housing,Oil,Chemical-Burn,Absenteeism-01
566,Sun-Roof-Housing,Oil,Chemical-Burn,Absenteeism-02
567,Sun-Roof-Housing,Oil,Chemical-Burn,Absenteeism-00
568,Sun-Roof-Housing,Oil,Chemical-Burn,
569,Sun-Roof-Housing,Oil,Chemical-Burn,Absenteeism-03
570,Sun-Roof-Housing,Front-Right-Door,Electrical-Burn,Absenteeism-01
571,Sun-Roof-Housing,Front-Right-Door,Electrical-Burn,Absenteeism-02
572,Sun-Roof-Housing,Front-Right-Door,Electrical-Burn,Absenteeism-00
573,Sun-Roof-Housing,Front-Right-Door,Electrical-Burn,
574,Sun-Roof-Housing,Front-Right-Door,Electrical-Burn,Absenteeism-03
575,Sun-Roof-Housing,Front-Right-Door,,Absenteeism-01
576,Sun-Roof-Housing,Front-Right-Door,,Absenteeism-02
577,Sun-Roof-Housing,Front-Right-Door,,Absenteeism-00
578,Sun-Roof-Housing,Front-Right-Door,,
579,Sun-Roof-Housing,Front-Right-Door,,Absenteeism-03
580,Sun-Roof-Housing,Front-Right-Door,Contact-Contusion,Absenteeism-01
581,Sun-Roof-Housing,Front-Right-Door,Contact-Contusion,Absenteeism-02
582,Sun-Roof-Housing,Front-Right-Door,Contact-Contusion,Absenteeism-00
583,Sun-Roof-Housing,Front-Right-Door,Contact-Contusion,
584,Sun-Roof-Housing,Front-Right-Door,Contact-Contusion,Absenteeism-03
585,Sun-Roof-Housing,Front-Right-Door,Electrical-Shock,Absenteeism-01
586,Sun-Roof-Housing,Front-Right-Door,Electrical-Shock,Absenteeism-02
587,Sun-Roof-Housing,Front-Right-Door,Electrical-Shock,Absenteeism-00
588,Sun-Roof-Housing,Front-Right-Door,Electrical-Shock,
589,Sun-Roof-Housing,Front-Right-Door,Electrical-Shock,Absenteeism-03
590,Sun-Roof-Housing,Front-Right-Door,Fall-Gtm,Absenteeism-01
591,Sun-Roof-Housing,Front-Right-Door,Fall-Gtm,Absenteeism-02
592,Sun-Roof-Housing,Front-Right-Door,Fall-Gtm,Absenteeism-00
593,Sun-Roof-Housing,Front-Right-Door,Fall-Gtm,
594,Sun-Roof-Housing,Front-Right-Door,Fall-Gtm,Absenteeism-03
595,Sun-Roof-Housing,Front-Right-Door,Chemical-Burn,Absenteeism-01
596,Sun-Roof-Housing,Front-Right-Door,Chemical-Burn,Absenteeism-02
597,Sun-Roof-Housing,Front-Right-Door,Chemical-Burn,Absenteeism-00
598,Sun-Roof-Housing,Front-Right-Door,Chemical-Burn,
599,Sun-Roof-Housing,Front-Right-Door,Chemical-Burn,Absenteeism-03
600,Accel-Pedal,Power-Gun,Electrical-Burn,Absenteeism-01
601,Accel-Pedal,Power-Gun,Electrical-Burn,Absenteeism-02
602,Accel-Pedal,Power-Gun,Electrical-Burn,Absenteeism-00
603,Accel-Pedal,Power-Gun,Electrical-Burn,
604,Accel-Pedal,Power-Gun,Electrical-Burn,Absenteeism-03
605,Accel-Pedal,Power-Gun,,Absenteeism-01
606,Accel-Pedal,Power-Gun,,Absenteeism-02
607,Accel-Pedal,Power-Gun,,Absenteeism-00
608,Accel-Pedal,Power-Gun,,
609,Accel-Pedal,Power-Gun,,Absenteeism-03
610,Accel-Pedal,Power-Gun,Contact-Contusion,Absenteeism-01
611,Accel-Pedal,Power-Gun,Contact-Contusion,Absenteeism-02
612,Accel-Pedal,Power-Gun,Contact-Contusion,Absenteeism-00
613,Accel-Pedal,Power-Gun,Contact-Contusion,
614,Accel-Pedal,Power-Gun,Contact-Contusion,Absenteeism-03
615,Accel-Pedal,Power-Gun,Electrical-Shock,Absenteeism-01
616,Accel-Pedal,Power-Gun,Electrical-Shock,Absenteeism-02
617,Accel-Pedal,Power-Gun,Electrical-Shock,Absenteeism-00
618,Accel-Pedal,Power-Gun,Electrical-Shock,
619,Accel-Pedal,Power-Gun,Electrical-Shock,Absenteeism-03
620,Accel-Pedal,Power-Gun,Fall-Gtm,Absenteeism-01
621,Accel-Pedal,Power-Gun,Fall-Gtm,Absenteeism-02
622,Accel-Pedal,Power-Gun,Fall-Gtm,Absenteeism-00
623,Accel-Pedal,Power-Gun,Fall-Gtm,
624,Accel-Pedal,Power-Gun,Fall-Gtm,Absenteeism-03
625,Accel-Pedal,Power-Gun,Chemical-Burn,Absenteeism-01
626,Accel-Pedal,Power-Gun,Chemical-Burn,Absenteeism-02
627,Accel-Pedal,Power-Gun,Chemical-Burn,Absenteeism-00
628,Accel-Pedal,Power-Gun,Chemical-Burn,
629,Accel-Pedal,Power-Gun,Chemical-Burn,Absenteeism-03
630,Accel-Pedal,,Electrical-Burn,Absenteeism-01
631,Accel-Pedal,,Electrical-Burn,Absenteeism-02
632,Accel-Pedal,,Electrical-Burn,Absenteeism-00
633,Accel-Pedal,,Electrical-Burn,
634,Accel-Pedal,,Electrical-Burn,Absenteeism-03
635,Accel-Pedal,,,Absenteeism-01
636,Accel-Pedal,,,Absenteeism-02
637,Accel-Pedal,,,Absenteeism-00
638,Accel-Pedal,,,
639,Accel-Pedal,,,Absenteeism-03
640,Accel-Pedal,,Contact-Contusion,Absenteeism-01
641,Accel-Pedal,,Contact-Contusion,Absenteeism-02
642,Accel-Pedal,,Contact-Contusion,Absenteeism-00
643,Accel-Pedal,,Contact-Contusion,
644,Accel-Pedal,,Contact-Contusion,Absenteeism-03
645,Accel-Pedal,,Electrical-Shock,Absenteeism-01
646,Accel-Pedal,,Electrical-Shock,Absenteeism-02
647,Accel-Pedal,,Electrical-Shock,Absenteeism-00
648,Accel-Pedal,,Electrical-Shock,
649,Accel-Pedal,,Electrical-Shock,Absenteeism-03
650,Accel-Pedal,,Fall-Gtm,Absenteeism-01
651,Accel-Pedal,,Fall-Gtm,Absenteeism-02
652,Accel-Pedal,,Fall-Gtm,Absenteeism-00
653,Accel-Pedal,,Fall-Gtm,
654,Accel-Pedal,,Fall-Gtm,Absenteeism-03
655,Accel-Pedal,,Chemical-Burn,Absenteeism-01
656,Accel-Pedal,,Chemical-Burn,Absenteeism-02
657,Accel-Pedal,,Chemical-Burn,Absenteeism-00
658,Accel-Pedal,,Chemical-Burn,
659,Accel-Pedal,,Chemical-Burn,Absenteeism-03
660,Accel-Pedal,Forklift,Electrical-Burn,Absenteeism-01
661,Accel-Pedal,Forklift,Electrical-Burn,Absenteeism-02
662,Accel-Pedal,Forklift,Electrical-Burn,Absenteeism-00
663,Accel-Pedal,Forklift,Electrical-Burn,
664,Accel-Pedal,Forklift,Electrical-Burn,Absenteeism-03
665,Accel-Pedal,Forklift,,Absenteeism-01
666,Accel-Pedal,Forklift,,Absenteeism-02
667,Accel-Pedal,Forklift,,Absenteeism-00
668,Accel-Pedal,Forklift,,
669,Accel-Pedal,Forklift,,Absenteeism-03
670,Accel-Pedal,Forklift,Contact-Contusion,Absenteeism-01
671,Accel-Pedal,Forklift,Contact-Contusion,Absenteeism-02
672,Accel-Pedal,Forklift,Contact-Contusion,Absenteeism-00
673,Accel-Pedal,Forklift,Contact-Contusion,
674,Accel-Pedal,Forklift,Contact-Contusion,Absenteeism-03
675,Accel-Pedal,Forklift,Electrical-Shock,Absenteeism-01
676,Accel-Pedal,Forklift,Electrical-Shock,Absenteeism-02
677,Accel-Pedal,Forklift,Electrical-Shock,Absenteeism-00
678,Accel-Pedal,Forklift,Electrical-Shock,
679,Accel-Pedal,Forklift,Electrical-Shock,Absenteeism-03
680,Accel-Pedal,Forklift,Fall-Gtm,Absenteeism-01
681,Accel-Pedal,Forklift,Fall-Gtm,Absenteeism-02
682,Accel-Pedal,Forklift,Fall-Gtm,Absenteeism-00
683,Accel-Pedal,Forklift,Fall-Gtm,
684,Accel-Pedal,Forklift,Fall-Gtm,Absenteeism-03
685,Accel-Pedal,Forklift,Chemical-Burn,Absenteeism-01
686,Accel-Pedal,Forklift,Chemical-Burn,Absenteeism-02
687,Accel-Pedal,Forklift,Chemical-Burn,Absenteeism-00
688,Accel-Pedal,Forklift,Chemical-Burn,
689,Accel-Pedal,Forklift,Chemical-Burn,Absenteeism-03
690,Accel-Pedal,Oil,Electrical-Burn,Absenteeism-01
691,Accel-Pedal,Oil,Electrical-Burn,Absenteeism-02
692,Accel-Pedal,Oil,Electrical-Burn,Absenteeism-00
693,Accel-Pedal,Oil,Electrical-Burn,
694,Accel-Pedal,Oil,Electrical-Burn,Absenteeism-03
695,Accel-Pedal,Oil,,Absenteeism-01
696,Accel-Pedal,Oil,,Absenteeism-02
697,Accel-Pedal,Oil,,Absenteeism-00
698,Accel-Pedal,Oil,,
699,Accel-Pedal,Oil,,Absenteeism-03
700,Accel-Pedal,Oil,Contact-Contusion,Absenteeism-01
701,Accel-Pedal,Oil,Contact-Contusion,Absenteeism-02
702,Accel-Pedal,Oil,Contact-Contusion,Absenteeism-00
703,Accel-Pedal,Oil,Contact-Contusion,
704,Accel-Pedal,Oil,Contact-Contusion,Absenteeism-03
705,Accel-Pedal,Oil,Electrical-Shock,Absenteeism-01
706,Accel-Pedal,Oil,Electrical-Shock,Absenteeism-02
707,Accel-Pedal,Oil,Electrical-Shock,Absenteeism-00
708,Accel-Pedal,Oil,Electrical-Shock,
709,Accel-Pedal,Oil,Electrical-Shock,Absenteeism-03
710,Accel-Pedal,Oil,Fall-Gtm,Absenteeism-01
711,Accel-Pedal,Oil,Fall-Gtm,Absenteeism-02
712,Accel-Pedal,Oil,Fall-Gtm,Absenteeism-00
713,Accel-Pedal,Oil,Fall-Gtm,
714,Accel-Pedal,Oil,Fall-Gtm,Absenteeism-03
715,Accel-Pedal,Oil,Chemical-Burn,Absenteeism-01
716,Accel-Pedal,Oil,Chemical-Burn,Absenteeism-02
717,Accel-Pedal,Oil,Chemical-Burn,Absenteeism-00
718,Accel-Pedal,Oil,Chemical-Burn,
719,Accel-Pedal,Oil,Chemical-Burn,Absenteeism-03
720,Accel-Pedal,Front-Right-Door,Electrical-Burn,Absenteeism-01
721,Accel-Pedal,Front-Right-Door,Electrical-Burn,Absenteeism-02
722,Accel-Pedal,Front-Right-Door,Electrical-Burn,Absenteeism-00
723,Accel-Pedal,Front-Right-Door,Electrical-Burn,
724,Accel-Pedal,Front-Right-Door,Electrical-Burn,Absenteeism-03
725,Accel-Pedal,Front-Right-Door,,Absenteeism-01
726,Accel-Pedal,Front-Right-Door,,Absenteeism-02
727,Accel-Pedal,Front-Right-Door,,Absenteeism-00
728,Accel-Pedal,Front-Right-Door,,
729,Accel-Pedal,Front-Right-Door,,Absenteeism-03
730,Accel-Pedal,Front-Right-Door,Contact-Contusion,Absenteeism-01
731,Accel-Pedal,Front-Right-Door,Contact-Contusion,Absenteeism-02
732,Accel-Pedal,Front-Right-Door,Contact-Contusion,Absenteeism-00
733,Accel-Pedal,Front-Right-Door,Contact-Contusion,
734,Accel-Pedal,Front-Right-Door,Contact-Contusion,Absenteeism-03
735,Accel-Pedal,Front-Right-Door,Electrical-Shock,Absenteeism-01
736,Accel-Pedal,Front-Right-Door,Electrical-Shock,Absenteeism-02
737,Accel-Pedal,Front-Right-Door,Electrical-Shock,Absenteeism-00
738,Accel-Pedal,Front-Right-Door,Electrical-Shock,
739,Accel-Pedal,Front-Right-Door,Electrical-Shock,Absenteeism-03
740,Accel-Pedal,Front-Right-Door,Fall-Gtm,Absenteeism-01
741,Accel-Pedal,Front-Right-Door,Fall-Gtm,Absenteeism-02
742,Accel-Pedal,Front-Right-Door,Fall-Gtm,Absenteeism-00
743,Accel-Pedal,Front-Right-Door,Fall-Gtm,
744,Accel-Pedal,Front-Right-Door,Fall-Gtm,Absenteeism-03
745,Accel-Pedal,Front-Right-Door,Chemical-Burn,Absenteeism-01
746,Accel-Pedal,Front-Right-Door,Chemical-Burn,Absenteeism-02
747,Accel-Pedal,Front-Right-Door,Chemical-Burn,Absenteeism-00
748,Accel-Pedal,Front-Right-Door,Chemical-Burn,
749,Accel-Pedal,Front-Right-Door,Chemical-Burn,Absenteeism-03
750,Oil-Fill,Power-Gun,Electrical-Burn,Absenteeism-01
751,Oil-Fill,Power-Gun,Electrical-Burn,Absenteeism-02
752,Oil-Fill,Power-Gun,Electrical-Burn,Absenteeism-00
753,Oil-Fill,Power-Gun,Electrical-Burn,
754,Oil-Fill,Power-Gun,Electrical-Burn,Absenteeism-03
755,Oil-Fill,Power-Gun,,Absenteeism-01
756,Oil-Fill,Power-Gun,,Absenteeism-02
757,Oil-Fill,Power-Gun,,Absenteeism-00
758,Oil-Fill,Power-Gun,,
759,Oil-Fill,Power-Gun,,Absenteeism-03
760,Oil-Fill,Power-Gun,Contact-Contusion,Absenteeism-01
761,Oil-Fill,Power-Gun,Contact-Contusion,Absenteeism-02
762,Oil-Fill,Power-Gun,Contact-Contusion,Absenteeism-00
763,Oil-Fill,Power-Gun,Contact-Contusion,
764,Oil-Fill,Power-Gun,Contact-Contusion,Absenteeism-03
765,Oil-Fill,Power-Gun,Electrical-Shock,Absenteeism-01
766,Oil-Fill,Power-Gun,Electrical-Shock,Absenteeism-02
767,Oil-Fill,Power-Gun,Electrical-Shock,Absenteeism-00
768,Oil-Fill,Power-Gun,Electrical-Shock,
769,Oil-Fill,Power-Gun,Electrical-Shock,Absenteeism-03
770,Oil-Fill,Power-Gun,Fall-Gtm,Absenteeism-01
771,Oil-Fill,Power-Gun,Fall-Gtm,Absenteeism-02
772,Oil-Fill,Power-Gun,Fall-Gtm,Absenteeism-00
773,Oil-Fill,Power-Gun,Fall-Gtm,
774,Oil-Fill,Power-Gun,Fall-Gtm,Absenteeism-03
775,Oil-Fill,Power-Gun,Chemical-Burn,Absenteeism-01
776,Oil-Fill,Power-Gun,Chemical-Burn,Absenteeism-02
777,Oil-Fill,Power-Gun,Chemical-Burn,Absenteeism-00
778,Oil-Fill,Power-Gun,Chemical-Burn,
779,Oil-Fill,Power-Gun,Chemical-Burn,Absenteeism-03
780,Oil-Fill,,Electrical-Burn,Absenteeism-01
781,Oil-Fill,,Electrical-Burn,Absenteeism-02
782,Oil-Fill,,Electrical-Burn,Absenteeism-00
783,Oil-Fill,,Electrical-Burn,
784,Oil-Fill,,Electrical-Burn,Absenteeism-03
785,Oil-Fill,,,Absenteeism-01
786,Oil-Fill,,,Absenteeism-02
787,Oil-Fill,,,Absenteeism-00
788,Oil-Fill,,,
789,Oil-Fill,,,Absenteeism-03
790,Oil-Fill,,Contact-Contusion,Absenteeism-01
791,Oil-Fill,,Contact-Contusion,Absenteeism-02
792,Oil-Fill,,Contact-Contusion,Absenteeism-00
793,Oil-Fill,,Contact-Contusion,
794,Oil-Fill,,Contact-Contusion,Absenteeism-03
795,Oil-Fill,,Electrical-Shock,Absenteeism-01
796,Oil-Fill,,Electrical-Shock,Absenteeism-02
797,Oil-Fill,,Electrical-Shock,Absenteeism-00
798,Oil-Fill,,Electrical-Shock,
799,Oil-Fill,,Electrical-Shock,Absenteeism-03
800,Oil-Fill,,Fall-Gtm,Absenteeism-01
801,Oil-Fill,,Fall-Gtm,Absenteeism-02
802,Oil-Fill,,Fall-Gtm,Absenteeism-00
803,Oil-Fill,,Fall-Gtm,
804,Oil-Fill,,Fall-Gtm,Absenteeism-03
805,Oil-Fill,,Chemical-Burn,Absenteeism-01
806,Oil-Fill,,Chemical-Burn,Absenteeism-02
807,Oil-Fill,,Chemical-Burn,Absenteeism-00
808,Oil-Fill,,Chemical-Burn,
809,Oil-Fill,,Chemical-Burn,Absenteeism-03
810,Oil-Fill,Forklift,Electrical-Burn,Absenteeism-01
811,Oil-Fill,Forklift,Electrical-Burn,Absenteeism-02
812,Oil-Fill,Forklift,Electrical-Burn,Absenteeism-00
813,Oil-Fill,Forklift,Electrical-Burn,
814,Oil-Fill,Forklift,Electrical-Burn,Absenteeism-03
815,Oil-Fill,Forklift,,Absenteeism-01
816,Oil-Fill,Forklift,,Absenteeism-02
817,Oil-Fill,Forklift,,Absenteeism-00
818,Oil-Fill,Forklift,,
819,Oil-Fill,Forklift,,Absenteeism-03
820,Oil-Fill,Forklift,Contact-Contusion,Absenteeism-01
821,Oil-Fill,Forklift,Contact-Contusion,Absenteeism-02
822,Oil-Fill,Forklift,Contact-Contusion,Absenteeism-00
823,Oil-Fill,Forklift,Contact-Contusion,
824,Oil-Fill,Forklift,Contact-Contusion,Absenteeism-03
825,Oil-Fill,Forklift,Electrical-Shock,Absenteeism-01
826,Oil-Fill,Forklift,Electrical-Shock,Absenteeism-02
827,Oil-Fill,Forklift,Electrical-Shock,Absenteeism-00
828,Oil-Fill,Forklift,Electrical-Shock,
829,Oil-Fill,Forklift,Electrical-Shock,Absenteeism-03
830,Oil-Fill,Forklift,Fall-Gtm,Absenteeism-01
831,Oil-Fill,Forklift,Fall-Gtm,Absenteeism-02
832,Oil-Fill,Forklift,Fall-Gtm,Absenteeism-00
833,Oil-Fill,Forklift,Fall-Gtm,
834,Oil-Fill,Forklift,Fall-Gtm,Absenteeism-03
835,Oil-Fill,Forklift,Chemical-Burn,Absenteeism-01
836,Oil-Fill,Forklift,Chemical-Burn,Absenteeism-02
837,Oil-Fill,Forklift,Chemical-Burn,Absenteeism-00
838,Oil-Fill,Forklift,Chemical-Burn,
839,Oil-Fill,Forklift,Chemical-Burn,Absenteeism-03
840,Oil-Fill,Oil,Electrical-Burn,Absenteeism-01
841,Oil-Fill,Oil,Electrical-Burn,Absenteeism-02
842,Oil-Fill,Oil,Electrical-Burn,Absenteeism-00
843,Oil-Fill,Oil,Electrical-Burn,
844,Oil-Fill,Oil,Electrical-Burn,Absenteeism-03
845,Oil-Fill,Oil,,Absenteeism-01
846,Oil-Fill,Oil,,Absenteeism-02
847,Oil-Fill,Oil,,Absenteeism-00
848,Oil-Fill,Oil,,
849,Oil-Fill,Oil,,Absenteeism-03
850,Oil-Fill,Oil,Contact-Contusion,Absenteeism-01
851,Oil-Fill,Oil,Contact-Contusion,Absenteeism-02
852,Oil-Fill,Oil,Contact-Contusion,Absenteeism-00
853,Oil-Fill,Oil,Contact-Contusion,
854,Oil-Fill,Oil,Contact-Contusion,Absenteeism-03
855,Oil-Fill,Oil,Electrical-Shock,Absenteeism-01
856,Oil-Fill,Oil,Electrical-Shock,Absenteeism-02
857,Oil-Fill,Oil,Electrical-Shock,Absenteeism-00
858,Oil-Fill,Oil,Electrical-Shock,
859,Oil-Fill,Oil,Electrical-Shock,Absenteeism-03
860,Oil-Fill,Oil,Fall-Gtm,Absenteeism-01
861,Oil-Fill,Oil,Fall-Gtm,Absenteeism-02
862,Oil-Fill,Oil,Fall-Gtm,Absenteeism-00
863,Oil-Fill,Oil,Fall-Gtm,
864,Oil-Fill,Oil,Fall-Gtm,Absenteeism-03
865,Oil-Fill,Oil,Chemical-Burn,Absenteeism-01
866,Oil-Fill,Oil,Chemical-Burn,Absenteeism-02
867,Oil-Fill,Oil,Chemical-Burn,Absenteeism-00
868,Oil-Fill,Oil,Chemical-Burn,
869,Oil-Fill,Oil,Chemical-Burn,Absenteeism-03
870,Oil-Fill,Front-Right-Door,Electrical-Burn,Absenteeism-01
871,Oil-Fill,Front-Right-Door,Electrical-Burn,Absenteeism-02
872,Oil-Fill,Front-Right-Door,Electrical-Burn,Absenteeism-00
873,Oil-Fill,Front-Right-Door,Electrical-Burn,
874,Oil-Fill,Front-Right-Door,Electrical-Burn,Absenteeism-03
875,Oil-Fill,Front-Right-Door,,Absenteeism-01
876,Oil-Fill,Front-Right-Door,,Absenteeism-02
877,Oil-Fill,Front-Right-Door,,Absenteeism-00
878,Oil-Fill,Front-Right-Door,,
879,Oil-Fill,Front-Right-Door,,Absenteeism-03
880,Oil-Fill,Front-Right-Door,Contact-Contusion,Absenteeism-01
881,Oil-Fill,Front-Right-Door,Contact-Contusion,Absenteeism-02
882,Oil-Fill,Front-Right-Door,Contact-Contusion,Absenteeism-00
883,Oil-Fill,Front-Right-Door,Contact-Contusion,
884,Oil-Fill,Front-Right-Door,Contact-Contusion,Absenteeism-03
885,Oil-Fill,Front-Right-Door,Electrical-Shock,Absenteeism-01
886,Oil-Fill,Front-Right-Door,Electrical-Shock,Absenteeism-02
887,Oil-Fill,Front-Right-Door,Electrical-Shock,Absenteeism-00
888,Oil-Fill,Front-Right-Door,Electrical-Shock,
889,Oil-Fill,Front-Right-Door,Electrical-Shock,Absenteeism-03
890,Oil-Fill,Front-Right-Door,Fall-Gtm,Absenteeism-01
891,Oil-Fill,Front-Right-Door,Fall-Gtm,Absenteeism-02
892,Oil-Fill,Front-Right-Door,Fall-Gtm,Absenteeism-00
893,Oil-Fill,Front-Right-Door,Fall-Gtm,
894,Oil-Fill,Front-Right-Door,Fall-Gtm,Absenteeism-03
895,Oil-Fill,Front-Right-Door,Chemical-Burn,Absenteeism-01
896,Oil-Fill,Front-Right-Door,Chemical-Burn,Absenteeism-02
897,Oil-Fill,Front-Right-Door,Chemical-Burn,Absenteeism-00
898,Oil-Fill,Front-Right-Door,Chemical-Burn,
899,Oil-Fill,Front-Right-Door,Chemical-Burn,Absenteeism-03
900,Door-Mount,Power-Gun,Electrical-Burn,Absenteeism-01
901,Door-Mount,Power-Gun,Electrical-Burn,Absenteeism-02
902,Door-Mount,Power-Gun,Electrical-Burn,Absenteeism-00
903,Door-Mount,Power-Gun,Electrical-Burn,
904,Door-Mount,Power-Gun,Electrical-Burn,Absenteeism-03
905,Door-Mount,Power-Gun,,Absenteeism-01
906,Door-Mount,Power-Gun,,Absenteeism-02
907,Door-Mount,Power-Gun,,Absenteeism-00
908,Door-Mount,Power-Gun,,
909,Door-Mount,Power-Gun,,Absenteeism-03
910,Door-Mount,Power-Gun,Contact-Contusion,Absenteeism-01
911,Door-Mount,Power-Gun,Contact-Contusion,Absenteeism-02
912,Door-Mount,Power-Gun,Contact-Contusion,Absenteeism-00
913,Door-Mount,Power-Gun,Contact-Contusion,
914,Door-Mount,Power-Gun,Contact-Contusion,Absenteeism-03
915,Door-Mount,Power-Gun,Electrical-Shock,Absenteeism-01
916,Door-Mount,Power-Gun,Electrical-Shock,Absenteeism-02
917,Door-Mount,Power-Gun,Electrical-Shock,Absenteeism-00
918,Door-Mount,Power-Gun,Electrical-Shock,
919,Door-Mount,Power-Gun,Electrical-Shock,Absenteeism-03
920,Door-Mount,Power-Gun,Fall-Gtm,Absenteeism-01
921,Door-Mount,Power-Gun,Fall-Gtm,Absenteeism-02
922,Door-Mount,Power-Gun,Fall-Gtm,Absenteeism-00
923,Door-Mount,Power-Gun,Fall-Gtm,
924,Door-Mount,Power-Gun,Fall-Gtm,Absenteeism-03
925,Door-Mount,Power-Gun,Chemical-Burn,Absenteeism-01
926,Door-Mount,Power-Gun,Chemical-Burn,Absenteeism-02
927,Door-Mount,Power-Gun,Chemical-Burn,Absenteeism-00
928,Door-Mount,Power-Gun,Chemical-Burn,
929,Door-Mount,Power-Gun,Chemical-Burn,Absenteeism-03
930,Door-Mount,,Electrical-Burn,Absenteeism-01
931,Door-Mount,,Electrical-Burn,Absenteeism-02
932,Door-Mount,,Electrical-Burn,Absenteeism-00
933,Door-Mount,,Electrical-Burn,
934,Door-Mount,,Electrical-Burn,Absenteeism-03
935,Door-Mount,,,Absenteeism-01
936,Door-Mount,,,Absenteeism-02
937,Door-Mount,,,Absenteeism-00
938,Door-Mount,,,
939,Door-Mount,,,Absenteeism-03
940,Door-Mount,,Contact-Contusion,Absenteeism-01
941,Door-Mount,,Contact-Contusion,Absenteeism-02
942,Door-Mount,,Contact-Contusion,Absenteeism-00
943,Door-Mount,,Contact-Contusion,
944,Door-Mount,,Contact-Contusion,Absenteeism-03
945,Door-Mount,,Electrical-Shock,Absenteeism-01
946,Door-Mount,,Electrical-Shock,Absenteeism-02
947,Door-Mount,,Electrical-Shock,Absenteeism-00
948,Door-Mount,,Electrical-Shock,
949,Door-Mount,,Electrical-Shock,Absenteeism-03
950,Door-Mount,,Fall-Gtm,Absenteeism-01
951,Door-Mount,,Fall-Gtm,Absenteeism-02
952,Door-Mount,,Fall-Gtm,Absenteeism-00
953,Door-Mount,,Fall-Gtm,
954,Door-Mount,,Fall-Gtm,Absenteeism-03
955,Door-Mount,,Chemical-Burn,Absenteeism-01
956,Door-Mount,,Chemical-Burn,Absenteeism-02
957,Door-Mount,,Chemical-Burn,Absenteeism-00
958,Door-Mount,,Chemical-Burn,
959,Door-Mount,,Chemical-Burn,Absenteeism-03
960,Door-Mount,Forklift,Electrical-Burn,Absenteeism-01
961,Door-Mount,Forklift,Electrical-Burn,Absenteeism-02
962,Door-Mount,Forklift,Electrical-Burn,Absenteeism-00
963,Door-Mount,Forklift,Electrical-Burn,
964,Door-Mount,Forklift,Electrical-Burn,Absenteeism-03
965,Door-Mount,Forklift,,Absenteeism-01
966,Door-Mount,Forklift,,Absenteeism-02
967,Door-Mount,Forklift,,Absenteeism-00
968,Door-Mount,Forklift,,
969,Door-Mount,Forklift,,Absenteeism-03
970,Door-Mount,Forklift,Contact-Contusion,Absenteeism-01
971,Door-Mount,Forklift,Contact-Contusion,Absenteeism-02
972,Door-Mount,Forklift,Contact-Contusion,Absenteeism-00
973,Door-Mount,Forklift,Contact-Contusion,
974,Door-Mount,Forklift,Contact-Contusion,Absenteeism-03
975,Door-Mount,Forklift,Electrical-Shock,Absenteeism-01
976,Door-Mount,Forklift,Electrical-Shock,Absenteeism-02
977,Door-Mount,Forklift,Electrical-Shock,Absenteeism-00
978,Door-Mount,Forklift,Electrical-Shock,
979,Door-Mount,Forklift,Electrical-Shock,Absenteeism-03
980,Door-Mount,Forklift,Fall-Gtm,Absenteeism-01
981,Door-Mount,Forklift,Fall-Gtm,Absenteeism-02
982,Door-Mount,Forklift,Fall-Gtm,Absenteeism-00
983,Door-Mount,Forklift,Fall-Gtm,
984,Door-Mount,Forklift,Fall-Gtm,Absenteeism-03
985,Door-Mount,Forklift,Chemical-Burn,Absenteeism-01
986,Door-Mount,Forklift,Chemical-Burn,Absenteeism-02
987,Door-Mount,Forklift,Chemical-Burn,Absenteeism-00
988,Door-Mount,Forklift,Chemical-Burn,
989,Door-Mount,Forklift,Chemical-Burn,Absenteeism-03
990,Door-Mount,Oil,Electrical-Burn,Absenteeism-01
991,Door-Mount,Oil,Electrical-Burn,Absenteeism-02
992,Door-Mount,Oil,Electrical-Burn,Absenteeism-00
993,Door-Mount,Oil,Electrical-Burn,
994,Door-Mount,Oil,Electrical-Burn,Absenteeism-03
995,Door-Mount,Oil,,Absenteeism-01
996,Door-Mount,Oil,,Absenteeism-02
997,Door-Mount,Oil,,Absenteeism-00
998,Door-Mount,Oil,,
999,Door-Mount,Oil,,Absenteeism-03
1000,Door-Mount,Oil,Contact-Contusion,Absenteeism-01
1001,Door-Mount,Oil,Contact-Contusion,Absenteeism-02
1002,Door-Mount,Oil,Contact-Contusion,Absenteeism-00
1003,Door-Mount,Oil,Contact-Contusion,
1004,Door-Mount,Oil,Contact-Contusion,Absenteeism-03
1005,Door-Mount,Oil,Electrical-Shock,Absenteeism-01
1006,Door-Mount,Oil,Electrical-Shock,Absenteeism-02
1007,Door-Mount,Oil,Electrical-Shock,Absenteeism-00
1008,Door-Mount,Oil,Electrical-Shock,
1009,Door-Mount,Oil,Electrical-Shock,Absenteeism-03
1010,Door-Mount,Oil,Fall-Gtm,Absenteeism-01
1011,Door-Mount,Oil,Fall-Gtm,Absenteeism-02
1012,Door-Mount,Oil,Fall-Gtm,Absenteeism-00
1013,Door-Mount,Oil,Fall-Gtm,
1014,Door-Mount,Oil,Fall-Gtm,Absenteeism-03
1015,Door-Mount,Oil,Chemical-Burn,Absenteeism-01
1016,Door-Mount,Oil,Chemical-Burn,Absenteeism-02
1017,Door-Mount,Oil,Chemical-Burn,Absenteeism-00
1018,Door-Mount,Oil,Chemical-Burn,
1019,Door-Mount,Oil,Chemical-Burn,Absenteeism-03
1020,Door-Mount,Front-Right-Door,Electrical-Burn,Absenteeism-01
1021,Door-Mount,Front-Right-Door,Electrical-Burn,Absenteeism-02
1022,Door-Mount,Front-Right-Door,Electrical-Burn,Absenteeism-00
1023,Door-Mount,Front-Right-Door,Electrical-Burn,
1024,Door-Mount,Front-Right-Door,Electrical-Burn,Absenteeism-03
1025,Door-Mount,Front-Right-Door,,Absenteeism-01
1026,Door-Mount,Front-Right-Door,,Absenteeism-02
1027,Door-Mount,Front-Right-Door,,Absenteeism-00
1028,Door-Mount,Front-Right-Door,,
1029,Door-Mount,Front-Right-Door,,Absenteeism-03
1030,Door-Mount,Front-Right-Door,Contact-Contusion,Absenteeism-01
1031,Door-Mount,Front-Right-Door,Contact-Contusion,Absenteeism-02
1032,Door-Mount,Front-Right-Door,Contact-Contusion,Absenteeism-00
1033,Door-Mount,Front-Right-Door,Contact-Contusion,
1034,Door-Mount,Front-Right-Door,Contact-Contusion,Absenteeism-03
1035,Door-Mount,Front-Right-Door,Electrical-Shock,Absenteeism-01
1036,Door-Mount,Front-Right-Door,Electrical-Shock,Absenteeism-02
1037,Door-Mount,Front-Right-Door,Electrical-Shock,Absenteeism-00
1038,Door-Mount,Front-Right-Door,Electrical-Shock,
1039,Door-Mount,Front-Right-Door,Electrical-Shock,Absenteeism-03
1040,Door-Mount,Front-Right-Door,Fall-Gtm,Absenteeism-01
1041,Door-Mount,Front-Right-Door,Fall-Gtm,Absenteeism-02
1042,Door-Mount,Front-Right-Door,Fall-Gtm,Absenteeism-00
1043,Door-Mount,Front-Right-Door,Fall-Gtm,
1044,Door-Mount,Front-Right-Door,Fall-Gtm,Absenteeism-03
1045,Door-Mount,Front-Right-Door,Chemical-Burn,Absenteeism-01
1046,Door-Mount,Front-Right-Door,Chemical-Burn,Absenteeism-02
1047,Door-Mount,Front-Right-Door,Chemical-Burn,Absenteeism-00
1048,Door-Mount,Front-Right-Door,Chemical-Burn,
1049,Door-Mount,Front-Right-Door,Chemical-Burn,Absenteeism-03
